<?xml version="1.0" encoding="UTF-8"?>

<shiporder xmlns:xsi="http://www.w3.org/2001/XMLSchema-instance"
xsi:noNamespaceSchemaLocation="ej4.xsd"
orderid="ggdt410">
    <orderperson> papatata </orderperson>
    <shipto>
        <name> manuel </name>
        <address> calle calabza </address>
        <city> gatospawor </city>
        <country> gatolandia </country>
    </shipto>
    <item >
        <title> stickerMew </title>
        <note> ppp </note>
        <quantity> 2 </quantity>
        <price> 2.5 </price>
    </item>
    <item >
        <title> pepo </title>
        <note> sdkfjnlk </note>
        <quantity> 3 </quantity>
        <price> 2.3 </price>
    </item>
</shiporder>