<?xml version="1.0" encoding="UTF-8"?>

<!--Usando XML crea un fichero XML  (ex1.xml) para representar los partidos de un torneo de tenis. 
Para el torneo  debemos guardar el nombre y las fechas de inicio y de finalización del torneo.
Y para cada partido debemos guardar la fecha del partido, los datos personales de los jugadores 
y los resultados de todos y cada uno de los sets (al menos tres sets por partido). 
Representar al menos 10 partidos. -->

<torneo_tenis>
    <nombre_torneo> Torneo Mixto Alixar </nombre_torneo>

    <fecha_inicio> 10/04/2021 </fecha_inicio>

    <fecha_finalizacion> 10/05/2021 </fecha_finalizacion>

    <partidos>

        <partido>
            <fecha> 11/04/2021 </fecha>

            <datos_J1>
                <nombre> Manuel </nombre>
                <apellido1> López </apellido1>
                <apelleido2> Serrano </apelleido2>
            </datos_J1>

            <datos_J2>
                <nombre> Javier </nombre>
                <apellido1> Reina </apellido1>
                <apelleido2> Hermoso </apelleido2>
            </datos_J2>

            <resultado_set>
                <set1> 3-6 </set1>
                <set2> 2-6 </set2>
                <set3> 7-5 </set3>
            </resultado_set>nOM
        </partido>

        <partido>
            <fecha> 11/04/2021 </fecha>

            <datos_J1>
                <nombre> Mario </nombre>
                <apellido1> Vaquerizo </apellido1>
                <apelleido2> Montoya </apelleido2>
            </datos_J1>

            <datos_J2>
                <nombre> Julia </nombre>
                <apellido1> Slatter </apellido1>
                <apelleido2> García </apelleido2>
            </datos_J2>

            <resultado_set>
                <set1> 7-5 </set1>
                <set1> 6-2 </set1>
                <set1> 6-1 </set1>
            </resultado_set>
        </partido>

        <partido>
            <fecha> 12/04/2021 </fecha>

            <datos_J1>
                <nombre> María Antonia </nombre>
                <apellido1> Martínez </apellido1>
                <apelleido2> Ortíz </apelleido2>
            </datos_J1>

            <datos_J2>
                <nombre> Saray </nombre>
                <apellido1> Jara </apellido1>
                <apelleido2> Hermosillo </apelleido2>
            </datos_J2>

            <resultado_set>
                <set1> 3-6 </set1>
                <set1> 7-5 </set1>
                <set1> 2-6 </set1>
            </resultado_set>
        </partido>

        <partido>
            <fecha> 12/04/2021 </fecha>

            <datos_J1>
                <nombre> Stefano </nombre>
                <apellido1> Mazzini </apellido1>
                <apelleido2> Loreto </apelleido2>
            </datos_J1>

            <datos_J2>
                <nombre> Maria </nombre>
                <apellido1> Barrero </apellido1>
                <apelleido2> Gómez </apelleido2>
            </datos_J2>

            <resultado_set>
                <set1> 1-6 </set1>
                <set1> 6-3 </set1>
                <set1> 0-6 </set1>
            </resultado_set>
        </partido>

        <partido>
            <fecha> 14/04/2021 </fecha>

            <datos_J1>
                <nombre> Marco </nombre>
                <apellido1> Díaz </apellido1>
                <apelleido2> Gordillo </apelleido2>
            </datos_J1>

            <datos_J2>
                <nombre> Teresa </nombre>
                <apellido1> Sevas </apellido1>
                <apelleido2> López </apelleido2>
            </datos_J2>

            <resultado_set>
                <set1> 6-3 </set1>
                <set1> 7-5 </set1>
                <set1> 7-5 </set1>
            </resultado_set>
        </partido>

        <partido>
            <fecha> 14/04/2021 </fecha>

            <datos_J1>
                <nombre> Alfonso </nombre>
                <apellido1> Martínez </apellido1>
                <apelleido2> Arques </apelleido2>
            </datos_J1>

            <datos_J2>
                <nombre> Juan </nombre>
                <apellido1> Villalva </apellido1>
                <apelleido2> Hermoso </apelleido2>
            </datos_J2>

            <resultado_set>
                <set1> 3-6 </set1>
                <set1> 2-6 </set1>
                <set1> 7-3 </set1>
            </resultado_set>
        </partido>

        <partido>
            <fecha> 18/04/2021 </fecha>

            <datos_J1>
                <nombre> Jesus </nombre>
                <apellido1> Fernandez </apellido1>
                <apelleido2> Ruiz </apelleido2>
            </datos_J1>

            <datos_J2>
                <nombre> Carmen </nombre>
                <apellido1> García </apellido1>
                <apelleido2> Leal </apelleido2>
            </datos_J2>

            <resultado_set>
                <set1> 0-6 </set1>
                <set1> 0-6 </set1>
                <set1> 0-6 </set1>
            </resultado_set>
        </partido>

        <partido>
            <fecha> 18/04/2021 </fecha>

            <datos_J1>
                <nombre> Elena </nombre>
                <apellido1> Gago </apellido1>
                <apelleido2> Otero </apelleido2>
            </datos_J1>

            <datos_J2>
                <nombre> Zacarias </nombre>
                <apellido1> Hernandez </apellido1>
                <apelleido2> Mellado </apelleido2>
            </datos_J2>

            <resultado_set>
                <set1> 6-3 </set1>
                <set1> 6-1 </set1>
                <set1> 7-3 </set1>
            </resultado_set>
        </partido>

        <partido>
            <fecha> 20/04/2021 </fecha>

            <datos_J1>
                <nombre> Soledad </nombre>
                <apellido1> Soria </apellido1>
                <apelleido2> Perez </apelleido2>
            </datos_J1>

            <datos_J2>
                <nombre> Cristina </nombre>
                <apellido1> Osuna </apellido1>
                <apelleido2> Giráldez </apelleido2>
            </datos_J2>

            <resultado_set>
                <set1> 6-3 </set1>
                <set1> 3-6  </set1>
                <set1> 6-0 </set1>
            </resultado_set>
        </partido>

        <partido>
            <fecha> 20/04/2021 </fecha>
            
            <datos_J1>
                <nombre> Gema</nombre>
                <apellido1> Sanchez </apellido1>
                <apelleido2> Angulo </apelleido2>
            </datos_J1>

            <datos_J2>
                <nombre> Carlos </nombre>
                <apellido1> Cuevas </apellido1>
                <apelleido2> Lafita </apelleido2>
            </datos_J2>

            <resultado_set>
                <set1> 7-5</set1>
                <set1> 6-3 </set1>
                <set1> 6-0 </set1>
            </resultado_set>
        </partido>

    </partidos>

</torneo_tenis>