<?xml version="1.0" encoding="UTF-8"?>

<!-- Usando XML crea un fichero (ex2.xml). El fichero nos servirá para representar un 
    clúster de máquinas virtuales. Dicho clúster está compuesto por varios nodos de los 
    que debemos guardar su nombre y su ip (ATRIBUTO?).
Dentro de cada uno de estos nodos se pueden albergar distintas máquinas virtuales. 
De dichas máquinas virtuales necesito guardar el nombre, el sistema operativo que ejecuta 
y los distintos interfaces de red de los que guardaré su ip y su mac. 
Representar al menos 5 nodos , cada uno de ellos con al menos 3 máquinas virtuales.
 De esas 15 máquinas virtuales al menos 3 deben de tener más de un interfaz de red.-->

 <!-- Se crean etiquetas listas, donde se incluiran las equitas coincidentes que contienen la misma estructuras, 
    nodos (que contienen los cinco nodos solicitados) y maq_virtuales(que contiene cada MV que se solicita)-->

 <cluster>
     <nodos>
        <nodo>
            <nombre> phys-schost1 </nombre>
            <IP> 63.45.12.30 </IP>
            <maq_virtuales>
                <MV>
                    <SO> Windows 10 </SO>
                    <interfaces>
                        <interfad_red>
                            <ip> 63.45.12.35 </ip>
                            <mac> 30-E3-7A-08-67-0E </mac>
                        </interfad_red> 
                        <interfad_red>
                            <ip> 63.45.12.36 </ip>
                            <mac> 30-E3-7A-08-67-0E </mac>
                        </interfad_red> 
                    </interfaces>
                </MV>
                <MV>
                    <SO> Ubuntu 20.04 </SO>
                    <interfaces>
                        <interfad_red>
                            <ip> 63.45.12.37 </ip>
                            <mac> 30-E3-7A-08-67-0E </mac>
                        </interfad_red> 
                        <interfad_red>
                            <ip> 63.45.12.38 </ip>
                            <mac> 30-E3-7A-08-67-0E </mac>
                        </interfad_red> 
                    </interfaces>
                </MV>
                <MV>
                    <SO> Windows XP</SO>
                    <interfaces>
                        <interfad_red>
                            <ip> 63.45.12.39 </ip>
                            <mac> 30-E3-7A-08-67-0E </mac>
                        </interfad_red> 
                        <interfad_red>
                            <ip> 63.45.12.32 </ip>
                            <mac> 30-E3-7A-08-67-0E </mac>
                        </interfad_red> 
                    </interfaces>
                </MV>
            </maq_virtuales>
        </nodo>
        <nodo>
            <nombre> phys-schost2 </nombre>
            <IP> 63.45.02.01 </IP>
            <maq_virtuales>
                <MV>
                    <SO> MS-DOS </SO>
                    <interfaces>
                        <interfad_red>
                            <ip> 63.45.02.05 </ip>
                            <mac> 30-E3-7A-08-67-0E </mac>
                        </interfad_red> 
                        <interfad_red>
                            <ip> 63.45.02.06 </ip>
                            <mac> 30-E3-7A-08-67-0E </mac>
                        </interfad_red> 
                    </interfaces>
                </MV>
                <MV>
                    <SO> MacOS </SO>
                    <interfaces>
                        <interfad_red>
                            <ip> 63.45.02.02</ip>
                            <mac> 30-E3-7A-08-67-0E </mac>
                        </interfad_red> 
                        <interfad_red>
                            <ip> 63.45.02.03</ip>
                            <mac> 30-E3-7A-08-67-0E </mac>
                        </interfad_red> 
                    </interfaces>
                </MV>
                <MV>
                    <SO> UNIX </SO>
                    <interfaces>
                        <interfad_red>
                            <ip> 63.45.02.04 </ip>
                            <mac> 30-E3-7A-08-67-0E </mac>
                        </interfad_red> 
                        <interfad_red>
                            <ip> 63.45.02.07 </ip>
                            <mac> 30-E3-7A-08-67-0E </mac>
                        </interfad_red> 
                    </interfaces>
                </MV>
            </maq_virtuales>
        </nodo>
        <nodo>
            <nombre> phys-schost3 </nombre>
            <IP> 63.45.13.30 </IP>
            <maq_virtuales>
                <MV>
                    <SO> Android </SO>
                    <interfaces>
                        <interfad_red>
                            <ip> 63.45.13.31 </ip>
                            <mac> 30-E3-7A-08-67-0E </mac>
                        </interfad_red> 
                        <interfad_red>
                            <ip> 63.45.13.32 </ip>
                            <mac> 30-E3-7A-08-67-0E </mac>
                        </interfad_red> 
                    </interfaces>
                </MV>
                <MV>
                    <SO> Windows 7 </SO>
                    <interfaces>
                        <interfad_red>
                            <ip> 63.45.13.33 </ip>
                            <mac> 30-E3-7A-08-67-0E </mac>
                        </interfad_red> 
                        <interfad_red>
                            <ip> 63.45.13.34 </ip>
                            <mac> 30-E3-7A-08-67-0E </mac>
                        </interfad_red> 
                    </interfaces>
                </MV>
                <MV>
                    <SO> Lubutu </SO>
                    <interfaces>
                        <interfad_red>
                            <ip> 63.45.13.35 </ip>
                            <mac> 30-E3-7A-08-67-0E </mac>
                        </interfad_red> 
                        <interfad_red>
                            <ip> 63.45.13.36 </ip>
                            <mac> 30-E3-7A-08-67-0E </mac>
                        </interfad_red> 
                    </interfaces>
                </MV>
            </maq_virtuales>
        </nodo>
        <nodo>
            <nombre> phys-schost4 </nombre>
            <IP> 63.45.10.30 </IP>
            <maq_virtuales>
                <MV>
                    <SO> MS-DOS </SO>
                    <interfaces>
                        <interfad_red>
                            <ip> 63.45.10.31</ip>
                            <mac> 30-E3-7A-08-67-0E </mac>
                        </interfad_red> 
                        <interfad_red>
                            <ip> 63.45.10.32 </ip>
                            <mac> 30-E3-7A-08-67-0E </mac>
                        </interfad_red> 
                    </interfaces>
                </MV>
                <MV>
                    <SO> UNIX </SO>
                    <interfaces>
                        <interfad_red>
                            <ip> 63.45.10.33 </ip>
                            <mac> 30-E3-7A-08-67-0E </mac>
                        </interfad_red> 
                        <interfad_red>
                            <ip> 63.45.10.34 </ip>
                            <mac> 30-E3-7A-08-67-0E </mac>
                        </interfad_red> 
                    </interfaces>
                </MV>
                <MV>
                    <SO> Android </SO>
                    <interfaces>
                        <interfad_red>
                            <ip> 63.45.10.35 </ip>
                            <mac> 30-E3-7A-08-67-0E </mac>
                        </interfad_red> 
                        <interfad_red>
                            <ip> 63.45.10.36 </ip>
                            <mac> 30-E3-7A-08-67-0E </mac>
                        </interfad_red> 
                    </interfaces>
                </MV>
            </maq_virtuales>
        </nodo>
        <nodo>
            <nombre> phys-schost5 </nombre>
            <IP> 63.45.09.30 </IP>
            <maq_virtuales>
                <MV>
                    <SO> Ubuntu 18.06 </SO>
                    <interfaces>
                        <interfad_red>
                            <ip> 63.45.09.31</ip>
                            <mac> 30-E3-7A-08-67-0E </mac>
                        </interfad_red> 
                        <interfad_red>
                            <ip> 63.45.09.32</ip>
                            <mac> 30-E3-7A-08-67-0E </mac>
                        </interfad_red> 
                    </interfaces>
                </MV>
                <MV>
                    <SO> indows 11 </SO>
                    <interfaces>
                        <interfad_red>
                            <ip> 63.45.09.33 </ip>
                            <mac> 30-E3-7A-08-67-0E </mac>
                        </interfad_red> 
                        <interfad_red>
                            <ip> 63.45.09.34 </ip>
                            <mac> 30-E3-7A-08-67-0E </mac>
                        </interfad_red> 
                    </interfaces>
                </MV>
                <MV>
                    <SO> Windows 7 </SO>
                    <interfaces>
                        <interfad_red>
                            <ip> 63.45.09.35 </ip>
                            <mac> 30-E3-7A-08-67-0E </mac>
                        </interfad_red> 
                        <interfad_red>
                            <ip> 63.45.09.36 </ip>
                            <mac> 30-E3-7A-08-67-0E </mac>
                        </interfad_red> 
                    </interfaces>
                </MV>
            </maq_virtuales>
        </nodo>
     </nodos>
 </cluster>