<?xml version="1.0" encoding="UTF-8"?>

<!DOCTYPE matricula SYSTEM "Ej4.dtd">

<!--Escribir la DTD que permita validar el documento XML que se muestra a continuación. Hacer dos
versiones en cada caso: DTD  externa. Además se sabe que siempre tiene que existir al
menos un domicilio, y que el atributo “tipo” es obligatorio, y sólo puede tomar l
os valores “familiar” o “habitual”. -->

<matricula>
    <personal>
        <dni>99223366M</dni>
        <nombre>Juan Pardo Martín</nombre>
        <titulacion>Ingeniería Informática</titulacion>
        <curso_academico>1997/1998</curso_academico>
        <domicilios>
            <domicilio tipo="familiar">
                <nombre>C/ Principal nº1</nombre>
            </domicilio>
            <domicilio tipo="habitual">
                <nombre>C/ Secundaria nº2</nombre>
            </domicilio>
        </domicilios>
    </personal>
    <pago>
        <tipo_matricula>Matrícula Ordinaria</tipo_matricula>
    </pago>
</matricula>